Country Name,Country Code,Year,GDP per capita (current US$),Individuals using the Internet (% of population),"Life expectancy at birth, total (years)",GDP_growth,LE_change,Internet_growth,GDP_category,Internet_category
Afghanistan,AFG,2023,413.757894705303,17.7,66.035,15.813849746792986,0.4179999999999921,2.906976744186052,Low,Low
Africa Eastern and Southern,AFE,2024,1673.84113878039,,65.146290855385,6.739188288789433,0.659271309724204,,Lower-middle,
Africa Western and Central,AFW,2024,1284.15444092323,,58.8557215483276,-19.709886523227294,0.867908153808699,,Lower-middle,
Albania,ALB,2024,10011.6279856667,83.1,79.602,16.75134619790637,0.8329999999999984,0.0,Middle,Very High
Algeria,DZA,2024,5631.17999109851,76.9,76.261,4.980437151895889,0.1319999999999908,0.0,Middle,High
American Samoa,ASM,2023,18017.4589383973,,72.852,0.0,0.1000000000000085,,Upper-middle,
Andorra,AND,2024,49303.6733899464,95.4,84.041,5.321714680335976,0.0249999999999914,0.0,High,Very High
Angola,AGO,2024,2122.08368991872,44.8,64.617,-8.116374555343487,0.3710000000000093,0.0,Lower-middle,Medium
Antigua and Barbuda,ATG,2024,23725.7903725506,77.6,77.598,10.38050688366834,0.1149999999999948,0.0,Upper-middle,High
Arab World,ARB,2024,7521.15330929761,,72.4446783578531,0.5543709545125397,0.5685827586309102,,Middle,
Argentina,ARG,2024,13858.2039802008,89.2,77.395,-2.320910280359967,1.5889999999999986,0.0,Upper-middle,Very High
Armenia,ARM,2024,8500.60522486719,80.0,77.4658536585366,4.619305998647127,2.700000000000003,0.0,Middle,High
Aruba,ABW,2023,33984.7906198041,97.2,76.353,11.208473065406444,0.1269999999999953,0.0,High,Very High
Australia,AUS,2024,64407.484256932,97.1,83.0512195121951,-0.6607999372627127,-0.148780487804899,0.0,High,Very High
Austria,AUT,2024,56833.1960472053,94.9,81.5414634146342,1.4270413272364555,0.2463414634146943,-0.4197271773347277,High,Very High
Azerbaijan,AZE,2024,7283.83562954872,89.0,74.429,2.114210697353536,0.304000000000002,0.0,Middle,Very High
"Bahamas, The",BHS,2024,39455.4466548546,94.8,74.552,3.2006679969296403,0.061000000000007,0.0,High,Very High
Bahrain,BHR,2024,30048.2177718844,100.0,81.284,2.5882076700554317,0.2920000000000016,0.0,High,Very High
Bangladesh,BGD,2024,2593.41607390407,44.5,74.672,1.6620164961966166,0.4069999999999965,0.0,Lower-middle,Medium
Barbados,BRB,2024,25365.7949424181,80.0,76.178,6.560949047383002,0.5019999999999953,0.0,High,High
Belarus,BLR,2024,8316.64776291533,91.5,74.1837804878049,5.317297286746903,0.0804146341463933,0.0,Middle,Very High
Belgium,BEL,2024,55954.6106261018,94.6,82.3975609756098,2.3121487892885373,0.6487804878049133,0.0,High,Very High
Belize,BLZ,2024,8429.67959707387,72.4,73.566,12.998414022030724,1.3760000000000048,0.0,Middle,High
Benin,BEN,2024,1485.38018980894,32.2,60.774,6.541657751836638,0.2989999999999995,0.0,Lower-middle,Medium
Bermuda,BMU,2024,138934.958846463,98.4,82.309,4.773987812075475,0.2469999999999999,0.0,High,Very High
Bhutan,BTN,2023,3839.4093039286,88.4,72.975,3.45109985327523,0.2209999999999894,2.4333719582850577,Lower-middle,Very High
Bolivia,BOL,2024,4001.21133990795,70.2,68.581,8.54333850184359,1.1470000000000056,0.0,Middle,High
Bosnia and Herzegovina,BIH,2024,8957.37294188215,83.4,77.85,3.39777124212417,1.0729999999999933,0.0,Middle,Very High
Botswana,BWA,2024,7695.2420641819,81.4,69.163,-1.6752590617641006,0.4140000000000015,0.0,Middle,Very High
Brazil,BRA,2024,10280.3148624429,84.2,75.848,-0.9373508065813274,0.9759999999999992,0.0,Middle,Very High
British Virgin Islands,VGB,2023,,77.7,77.276,,0.0989999999999895,0.0,,High
Brunei Darussalam,BRN,2024,33417.8357740437,99.0,75.327,1.6031551298172797,2.4099999999999966,0.0,High,Very High
Bulgaria,BGR,2024,17412.4115085691,80.4,75.7073170731707,9.623287258522485,1.5463414634146062,0.0,Upper-middle,Very High
Burkina Faso,BFA,2024,987.321378101867,17.0,61.092,11.853718805872536,0.3919999999999959,0.0,Low,Low
Burundi,BDI,2024,153.930217854023,11.1,63.651,-19.859026658440538,0.7690000000000055,0.0,Low,Low
Cabo Verde,CPV,2024,5272.85253011419,73.5,76.059,8.466076555178237,0.152000000000001,0.0,Middle,High
Cambodia,KHM,2024,2627.8796974226,60.7,70.668,8.154389644798288,0.1400000000000005,0.0,Lower-middle,High
Cameroon,CMR,2024,1762.3683508844,41.9,63.7,1.4685942893586157,1.257000000000005,0.0,Lower-middle,Medium
Canada,CAN,2024,54282.6176051733,94.0,81.6465853658537,0.1148814529613462,0.4012195121951976,0.0,High,Very High
Caribbean small states,CSS,2024,20173.9564746676,,73.1716450013098,14.740381797219303,0.3393528922490958,,Upper-middle,
Cayman Islands,CYM,2023,97749.5078960846,81.1,80.358,6.016519381706886,0.3740000000000094,0.0,High,Very High
Central African Republic,CAF,2024,516.170424537757,7.51,57.408,4.071045635089199,38.59,0.0,Low,Low
Central Europe and the Baltics,CEB,2024,24543.3040551654,,77.8967836493153,8.122496199116958,1.2444849200569903,,Upper-middle,
Chad,TCD,2024,1016.08880662712,13.2,55.069,2.732930040724657,0.5410000000000039,0.0,Lower-middle,Low
Channel Islands,CHI,2023,74589.1381155014,,81.1,10.294405954436536,0.0999999999999943,,High,
Chile,CHL,2024,16709.8893972307,94.5,81.167,-2.0926133433006533,1.991,0.0,Upper-middle,Very High
China,CHN,2024,13303.1481543868,77.5,77.953,2.7176671355156445,-0.2489999999999952,0.0,Upper-middle,High
Colombia,COL,2024,7913.98801464547,77.3,77.725,13.043461248352406,1.2169999999999987,0.0,Middle,High
Comoros,COM,2024,1784.11546860293,35.7,66.777,6.058283493440131,0.2960000000000065,0.0,Lower-middle,Medium
"Congo, Dem. Rep.",COD,2024,647.435704836002,30.5,61.895,2.21663077267138,0.916000000000004,0.0,Low,Medium
"Congo, Rep.",COG,2024,2482.24894743495,38.4,65.772,0.1723377641079881,0.7720000000000056,0.0,Lower-middle,Medium
Costa Rica,CRI,2024,18587.1532203614,85.4,80.799,9.710328207440464,1.483000000000004,0.0,Upper-middle,Very High
Cote d'Ivoire,CIV,2024,2709.89511641252,40.7,61.944,6.0760052103843165,0.382000000000005,0.0,Lower-middle,Medium
Croatia,HRV,2024,23931.4528382746,83.2,78.4731707317073,9.448677985902032,0.897560975609693,0.0,Upper-middle,Very High
Cuba,CUB,2023,9605.26125067263,71.3,78.085,0.0,0.4559999999999888,4.392386530014636,Middle,High
Curacao,CUW,2023,21061.741639092,68.1,76.8,2.7314219451620048,0.0709999999999979,0.0,Upper-middle,High
Cyprus,CYP,2024,38654.16796875,91.2,81.648,5.752854791564488,1.2139999999999986,0.0,High,Very High
Czechia,CZE,2024,31706.6234229743,86.0,79.8780487804878,0.3658206244605555,0.9487804878048962,0.0,High,Very High
Denmark,DNK,2024,71851.7562131368,99.8,81.8536585365854,4.963749954718444,0.5487804878049047,1.0121457489878471,High,Very High
Djibouti,DJI,2024,3496.47111876763,65.0,65.987,2.912446619181908,0.4469999999999885,0.0,Lower-middle,High
Dominica,DMA,2024,10405.2787777582,83.8,71.132,4.966392928280072,0.0510000000000019,0.0,Middle,Very High
Dominican Republic,DOM,2024,10875.6618443092,84.6,73.72,2.306868680310714,-0.4909999999999996,0.0,Middle,Very High
Early-demographic dividend,EAR,2024,4529.82686738144,,71.7962449795855,4.804148356451599,0.3657897287160949,,Middle,
East Asia & Pacific,EAS,2024,13349.0833109152,,76.6595183258032,1.7622759598210358,-0.01726511426439,,Upper-middle,
East Asia & Pacific (IDA & IBRD countries),TEA,2024,10513.9755660123,,75.9085643603807,2.678808163473123,-0.0524703857529118,,Middle,
East Asia & Pacific (excluding high income),EAP,2024,10396.8255168912,,75.8806830895266,2.6769203311217904,-0.0518578541636998,,Middle,
Ecuador,ECU,2024,6874.705739766,77.2,77.392,2.031186611135749,0.8149999999999977,6.1898211829436,Middle,High
"Egypt, Arab Rep.",EGY,2024,3338.47371395895,72.7,71.633,-3.42271244131398,0.6229999999999905,0.0,Lower-middle,High
El Salvador,SLV,2024,5579.65969165029,67.7,72.099,3.992488621026813,0.1300000000000096,0.0,Middle,High
Equatorial Guinea,GNQ,2024,6745.40013244916,60.4,63.707,1.0124107269462446,0.3520000000000038,0.0,Middle,High
Eritrea,ERI,2023,412.753079199423,20.0,68.624,0.0,0.8349999999999937,6.951871657754016,Low,Low
Estonia,EST,2024,31170.0915091887,93.2,78.490243902439,3.4406683158145324,0.6463414634146005,0.0,High,Very High
Eswatini,SWZ,2024,3936.10969242371,57.6,64.123,5.196036533924309,1.095000000000006,0.0,Lower-middle,High
Ethiopia,ETH,2023,1011.07332413462,16.7,67.315,0.0,0.4179999999999921,0.0,Lower-middle,Low
Euro area,EMU,2024,46724.355622795,,82.1920076156423,3.673623800112136,0.5707838704124981,,High,
Europe & Central Asia,ECS,2024,31392.581963732,,78.3870183177038,5.218121141358512,0.5509052326196127,,High,
Europe & Central Asia (IDA & IBRD countries),TEC,2024,13257.56545104,,74.7300564025194,9.503994170112428,0.5384530422768989,,Upper-middle,
Europe & Central Asia (excluding high income),ECA,2024,9668.56270854153,,74.7987152767476,12.80014021074678,0.2200929376998033,,Middle,
European Union,EUU,2024,43145.1566930223,,81.4114503796875,4.235309147851085,0.6984685413666938,,High,
Faroe Islands,FRO,2023,71774.3522353393,97.6,83.1439024390244,8.519842763668862,0.2000000000000028,0.0,High,Very High
Fiji,FJI,2024,6288.39867264416,79.3,67.316,6.786888622993126,0.1680000000000063,0.0,Middle,High
Finland,FIN,2024,53188.6186245158,93.5,81.6853658536585,0.6949956191660833,0.4975609756097015,0.0,High,Very High
Fragile and conflict affected situations,FCS,2024,1690.97291408665,,63.3732812629951,-5.100691464100427,0.6455980761973024,,Lower-middle,
France,FRA,2024,46150.4876861593,86.8,82.9292682926829,3.265881910250057,0.8000000000000114,0.0,High,Very High
French Polynesia,PYF,2023,22774.1418988734,72.7,84.07,9.814968196991837,0.2109999999999985,0.0,Upper-middle,High
Gabon,GAB,2024,8218.76307061848,71.9,68.337,1.8257717032426068,0.6240000000000094,0.0,Middle,High
"Gambia, The",GMB,2024,908.525674150965,45.9,65.86,2.293317213637636,1.0010000000000048,0.0,Low,Medium
Georgia,GEO,2024,9193.66366361489,81.9,74.496,10.985397780420248,0.3549999999999897,0.0,Middle,Very High
Germany,DEU,2024,55800.2194549412,93.5,80.5414634146342,3.447901493046745,-0.0665853658536121,1.08108108108107,High,Very High
Ghana,GHA,2024,2405.79466378083,69.9,65.498,0.918265080472791,0.2520000000000095,0.0,Lower-middle,High
Gibraltar,GIB,2023,,94.4,83.553,,0.0360000000000013,0.0,,Very High
Greece,GRC,2024,24752.1068401681,85.0,81.5365853658537,5.774944118092251,0.7487804878048934,0.0,Upper-middle,Very High
Greenland,GRL,2023,58498.9743142433,69.5,71.549756097561,5.1477911956601785,0.0092682926829041,0.0,High,High
Grenada,GRD,2024,11871.6117006031,74.1,75.205,4.98151713419801,0.054000000000002,0.0,Middle,High
Guam,GUM,2023,41833.1517132825,80.5,77.209,0.0,0.1069999999999993,0.0,High,Very High
Guatemala,GTM,2024,6150.02597767851,56.1,72.602,6.802643463786162,1.3960000000000008,0.0,Middle,High
Guinea,GIN,2024,1717.02318120779,26.5,60.74,10.384446887125032,0.3079999999999998,0.0,Lower-middle,Medium
Guinea-Bissau,GNB,2024,962.983627901892,32.5,64.085,-0.2014582658063535,0.4799999999999969,0.0,Low,Medium
Guyana,GUY,2024,29883.6341152001,81.7,70.18,45.96108077902519,0.2920000000000016,0.0,High,Very High
Haiti,HTI,2024,2142.62330526788,39.3,64.936,25.611206219654317,0.9880000000000068,0.0,Lower-middle,Medium
Heavily indebted poor countries (HIPC),HPC,2024,1272.36066941335,,64.7159054177481,8.454584269510356,0.8754595622019039,,Lower-middle,
High income,HIC,2024,50443.9276011317,93.4,80.1500151183354,3.5629643076270368,0.7186908956761044,1.1917659804983938,High,Very High
Honduras,HND,2024,3426.43483328923,58.3,72.884,6.165137743224225,0.1689999999999969,0.0,Lower-middle,High
"Hong Kong SAR, China",HKG,2024,54107.034521746,96.0,85.2473170731707,7.003929986617563,1.5863414634146125,0.0,High,Very High
Hungary,HUN,2024,23310.7512733957,91.5,76.7707317073171,4.475458193135595,0.90243902439029,0.0,Upper-middle,Very High
IBRD only,IBD,2024,8253.92125275536,,74.5209699459191,3.630810511823168,0.2694085939311037,,Middle,
IDA & IBRD total,IBT,2024,6351.48106277471,,72.0008209186498,3.069876406201888,0.3228986822715995,,Middle,
IDA blend,IDB,2024,1565.83627113068,,62.4621643327349,-9.485038288906376,0.3333001910497017,,Lower-middle,
IDA only,IDX,2024,1444.42895490433,,67.0538318903115,7.173605409014239,0.6937713587622056,,Lower-middle,
IDA total,IDA,2024,1486.64710905859,,65.4535223135408,0.3851257803742625,0.5712320195880949,,Lower-middle,
Iceland,ISL,2024,82703.8579937471,99.8,82.6073170731707,3.431413882884016,0.4878048780487063,0.0,High,Very High
India,IND,2024,2696.66389984463,55.9,72.003,6.582437452528267,0.3050000000000068,0.0,Lower-middle,High
Indonesia,IDN,2024,4925.43048751861,69.2,71.146,1.0073757638701997,0.2210000000000036,0.0,Middle,High
"Iran, Islamic Rep.",IRN,2024,4771.40029026226,79.6,77.654,6.8470091938659605,0.8549999999999898,0.0,Middle,High
Iraq,IRQ,2024,6073.61032342708,81.7,72.324,1.8153594876517245,0.2869999999999919,0.0,Middle,Very High
Ireland,IRL,2024,107316.337306921,96.5,82.8609756097561,3.300230542982363,0.3512195121951009,0.0,High,Very High
Isle of Man,IMN,2023,88328.548125887,,80.999,0.0,0.0429999999999921,,High,
Israel,ISR,2024,54176.6844383302,87.0,83.1951219512195,4.178478697832055,0.4951219512195024,0.0,High,Very High
Italy,ITA,2024,40226.0472416173,87.0,83.7,2.970971957411317,1.0,0.0,High,Very High
Jamaica,JAM,2024,7019.74634780454,83.4,71.479,2.631996507007184,-0.0019999999999953,0.0,Middle,Very High
Japan,JPN,2024,32475.8924992191,87.0,84.0412195121951,-4.020203532844424,0.0448780487805038,0.0,High,Very High
Jordan,JOR,2024,4618.09592498567,92.5,77.814,3.403715919827821,0.7259999999999991,0.0,Middle,Very High
Kazakhstan,KAZ,2024,14005.3487362345,92.9,74.402,8.742012858738391,0.8990000000000009,0.0,Upper-middle,Very High
Kenya,KEN,2024,2206.1349785176,35.0,63.646,13.001577823104029,0.0970000000000013,0.0,Lower-middle,Medium
Kiribati,KIR,2024,2288.63458265531,88.0,66.473,5.094061796293392,0.2039999999999935,0.0,Lower-middle,Very High
"Korea, Dem. People's Rep.",PRK,2023,,0.0,73.642,,0.0009999999999905,,,
"Korea, Rep.",KOR,2023,33121.3712885508,97.4,83.4292682926829,2.2432320380292303,0.7487804878048081,0.2057613168724215,High,Very High
Kosovo,XKX,2024,7299.43498083118,89.4,78.033,17.331554937004,0.4099999999999966,0.0,Middle,Very High
Kuwait,KWT,2024,32213.8622292316,99.7,83.1878048780488,-5.46424188095701,2.5999999999999943,0.0,High,Very High
Kyrgyz Republic,KGZ,2024,2419.26553574523,88.5,72.2487804878049,13.143790504853904,0.1999999999999886,0.0,Lower-middle,Very High
Lao PDR,LAO,2024,2123.97909411797,63.6,68.964,2.7591040870919903,0.2489999999999952,0.0,Lower-middle,High
Late-demographic dividend,LTE,2024,12843.3344406811,,77.130120543495,3.385803268130849,0.1755402949823974,,Upper-middle,
Latin America & Caribbean,LCN,2024,11044.6796556507,,75.6435293327332,1.899206334548076,0.996330389101189,,Middle,
Latin America & Caribbean (excluding high income),LAC,2024,10344.66889924,,75.4986013301866,1.7482194858737363,1.0088750675390088,,Middle,
Latin America & the Caribbean (IDA & IBRD countries),TLA,2024,10784.3171528207,,75.5699258379688,1.8049525259877357,1.001496483882903,,Middle,
Latvia,LVA,2024,23367.5986788961,92.2,75.6780487804878,3.051829726866906,1.4000000000000057,0.0,Upper-middle,Very High
Least developed countries: UN classification,LDC,2024,1325.30935386629,,66.5161002597788,5.666935286613439,0.7529144965624965,,Lower-middle,
Lebanon,LBN,2023,3477.72489842684,83.5,77.817,-4.833503857931798,-0.186000000000007,0.8454106280193274,Lower-middle,Very High
Lesotho,LSO,2024,971.814620468788,48.0,57.375,6.0605349870014535,0.5630000000000024,0.0,Low,Medium
Liberia,LBR,2024,846.277368387389,23.5,62.163,5.891294285884907,0.2289999999999992,0.0,Low,Medium
Libya,LBY,2024,6318.40314031017,88.5,69.339,2.3585791991820537,-5.123000000000005,0.0,Middle,Very High
Liechtenstein,LIE,2023,207973.617746758,97.3,84.8414634146342,11.321872893398744,0.7195121951220074,0.8290155440414448,High,Very High
Lithuania,LTU,2024,29386.2878350187,88.5,76.9878048780488,5.759309432931703,1.3439024390244043,0.0,High,Very High
Low & middle income,LMY,2024,5974.80452228262,,71.9740048771462,2.662678643512173,0.2887229947993006,,Middle,
Low income,LIC,2024,746.934788844338,26.5,64.5178957936853,7.13793081427514,1.0595855136405987,8.606557377049185,Low,Medium
Lower middle income,LMC,2024,2517.63261211924,54.0,69.5963746571515,3.037737751080938,0.2952799815985969,6.090373280943018,Lower-middle,High
Luxembourg,LUX,2024,137516.587324367,98.8,83.3585365853659,4.648819533546478,0.4121951219511999,-0.503524672708966,High,Very High
"Macao SAR, China",MAC,2024,73046.8890267079,89.2,83.1804878048781,8.255255599562993,0.0999999999999943,0.0,High,Very High
Madagascar,MDG,2024,544.997302693127,20.4,63.632,7.131425364519384,0.5640000000000001,0.0,Low,Medium
Malawi,MWI,2024,508.371273531708,18.0,67.353,-15.601119226149152,1.3159999999999883,0.0,Low,Low
Malaysia,MYS,2024,11867.2586435443,97.7,76.657,4.2900940008477,1.212999999999994,0.0,Middle,Very High
Maldives,MDV,2024,13215.5353637008,84.7,81.041,5.46811994890386,0.2809999999999917,0.0,Upper-middle,Very High
Mali,MLI,2024,1086.1762176779,35.1,60.439,4.857188572258364,0.4040000000000034,0.0,Lower-middle,Medium
Malta,MLT,2024,42347.3073860173,92.1,83.5073170731707,5.3876182349111845,1.0585365853658004,0.0,High,Very High
Marshall Islands,MHL,2024,7466.65186507409,65.7,66.945,11.803969134296777,0.2199999999999988,0.0,Middle,High
Mauritania,MRT,2024,2082.78374423714,37.4,68.484,-1.7936167552018434,0.2029999999999887,0.0,Lower-middle,Medium
Mauritius,MUS,2024,11871.733679438,79.5,73.4121951219512,6.1664783232761256,-0.102439024390307,0.0,Middle,High
Mexico,MEX,2024,14157.9445835849,81.2,75.069,2.3999044620948595,1.0960000000000036,0.0,Upper-middle,Very High
"Micronesia, Fed. Sts.",FSM,2024,4166.00476748564,39.4,67.198,5.699341785521028,0.2369999999999947,0.0,Middle,Medium
"Middle East, North Africa, Afghanistan & Pakistan",MEA,2024,6180.85878446824,,72.0839412410497,1.9430197634719537,0.3921092672725024,,Middle,
"Middle East, North Africa, Afghanistan & Pakistan (IDA & IBRD)",TMN,2024,2905.83377209255,,71.3194560888195,4.050510482855296,0.3540235379315106,,Lower-middle,
"Middle East, North Africa, Afghanistan & Pakistan (excluding high income)",MNA,2024,2903.59793979158,,71.2758849884583,3.79603757827347,0.2703534441185979,,Lower-middle,
Middle income,MIC,2024,6524.2573581605,,72.7431938727471,2.7805652380534784,0.2256432010259033,,Middle,
Moldova,MDA,2024,7617.51613089815,80.2,71.198,12.029117521191624,-0.3480000000000132,0.0,Middle,Very High
Monaco,MCO,2023,256580.515122745,99.1,86.372,13.505084210820971,0.6260000000000048,0.0,High,Very High
Mongolia,MNG,2024,6691.48209834228,83.0,72.1224390243902,14.607037260876288,0.221707317073097,0.0,Middle,Very High
Montenegro,MNE,2024,12935.4522712126,89.8,77.5878048780488,7.104835134999687,1.4000000000000057,0.0,Upper-middle,Very High
Morocco,MAR,2024,3993.38745117188,91.0,75.313,5.884775894940564,0.152000000000001,0.0,Lower-middle,Very High
Mozambique,MOZ,2024,647.28579950207,19.8,63.611,3.9006004998919153,0.5999999999999943,0.0,Low,Low
Myanmar,MMR,2024,1359.25961394135,58.5,66.889,10.222453216402291,0.3829999999999955,0.0,Lower-middle,High
Namibia,NAM,2024,4413.1274418646,64.4,67.385,5.385475424922492,3.1950000000000074,0.0,Middle,High
Nauru,NRU,2024,13421.8330584638,81.7,62.109,5.234722640835932,0.179000000000002,0.0,Upper-middle,Very High
Nepal,NPL,2024,1447.31004458428,55.8,70.354,4.700719848057444,0.2669999999999959,0.0,Lower-middle,High
Netherlands,NLD,2024,68218.7261019406,97.0,81.9146341463415,5.647524948422045,0.2999999999999971,0.0,High,Very High
New Caledonia,NCL,2023,33516.363085906,82.0,78.766,0.0,1.068000000000012,0.0,High,Very High
New Zealand,NZL,2024,48747.0136853042,96.2,83.0048780487805,0.1893117647412401,1.0463414634146917,0.0,High,Very High
Nicaragua,NIC,2024,2847.53966339498,58.2,74.947,9.124344444837917,0.4840000000000088,0.0,Lower-middle,High
Niger,NER,2024,722.748650326257,23.2,61.183,13.223844327788914,0.7849999999999966,0.0,Low,Medium
Nigeria,NGA,2024,806.945695055244,39.2,54.462,-49.45966336622518,0.3830000000000026,0.0,Low,Medium
North America,NAC,2024,82406.4788664869,,78.7328213732191,3.882126881499892,0.9000534137951917,,High,
North Macedonia,MKD,2024,9310.02790015256,87.2,75.3160975609756,7.951313960055417,0.8912195121951072,0.0,Middle,Very High
Northern Mariana Islands,MNP,2023,23785.754590043,,78.808,0.0,0.277000000000001,,Upper-middle,
Norway,NOR,2024,86809.7246897431,99.0,83.1121951219512,-0.7858574066224144,0.6024390243902076,0.0,High,Very High
OECD members,OED,2024,48454.6975400673,,80.1615573011433,3.818486290901202,0.6399888412056072,,High,
Oman,OMN,2024,20248.4168124608,95.3,80.031,-3.452458505470346,2.1200000000000045,0.0,Upper-middle,Very High
Other small states,OSS,2024,15867.6733515992,,73.5646945094343,4.726980457393348,0.6597696433081097,,Upper-middle,
Pacific island small states,PSS,2024,4399.41105391407,,69.2745949035856,5.928300143222587,0.1741600042294919,,Middle,
Pakistan,PAK,2024,1484.74985864775,27.4,67.649,8.759396128071351,0.2319999999999993,0.0,Lower-middle,Medium
Palau,PLW,2023,15899.4246065324,27.0,69.269,10.472501424114355,0.3470000000000084,0.0,Upper-middle,Medium
Panama,PAN,2024,19102.8521936399,78.0,79.594,2.228610026225586,0.269999999999996,0.0,Upper-middle,High
Papua New Guinea,PNG,2024,3076.48786186584,24.1,66.134,3.722758420109429,0.8599999999999994,0.0,Lower-middle,Medium
Paraguay,PRY,2024,6416.09709002917,78.1,73.844,1.842968319039784,1.5249999999999917,0.0,Middle,High
Peru,PER,2024,8452.37167047598,79.5,77.74,7.161037257964065,0.9059999999999916,0.0,Middle,High
Philippines,PHL,2024,3984.8315387656,83.8,69.833,4.751442325156674,0.3610000000000042,0.0,Lower-middle,Very High
Poland,POL,2024,25022.6716445953,86.4,78.5073170731707,12.993330292062378,1.351219512195101,0.0,High,Very High
Portugal,PRT,2024,28844.4979246799,85.8,82.2804878048781,5.324583050561382,0.6487804878049133,0.0,High,Very High
Post-demographic dividend,PST,2024,55865.7865373976,,80.8228346378274,3.52927607626079,0.6249814301659029,,High,
Pre-demographic dividend,PRE,2024,1290.20000126508,,62.1636298902791,-8.905637438941428,0.7803418873287953,,Lower-middle,
Puerto Rico (US),PRI,2024,39285.0174585856,87.3,81.69,6.32399125970593,2.262999999999991,0.0,High,Very High
Qatar,QAT,2024,76275.9076782833,99.7,82.368,-4.887990797079988,0.5109999999999957,0.0,High,Very High
Romania,ROU,2024,20072.4079244042,89.2,76.6073170731707,9.063845278391655,1.4536585365853083,0.0,Upper-middle,Very High
Russian Federation,RUS,2024,14889.0185546875,92.2,73.2546341463415,5.152983130877509,0.7090243902438971,0.0,Upper-middle,Very High
Rwanda,RWA,2024,999.654561402699,34.2,67.785,-2.6659189631442315,0.2569999999999908,0.0,Low,Medium
Samoa,WSM,2024,4898.77140817676,58.1,71.698,13.130937103325468,0.1479999999999961,0.0,Middle,High
San Marino,SMR,2023,54264.570495898,87.0,85.706,0.0,-0.0019999999999953,2.2326674500587678,High,Very High
Sao Tome and Principe,STP,2024,3244.82899741459,61.5,69.718,10.333299448055456,0.4810000000000087,0.0,Lower-middle,High
Saudi Arabia,SAU,2024,35057.2252306969,100.0,78.732,-3.041258178073869,1.421999999999997,0.0,High,Very High
Senegal,SEN,2024,1743.98888384359,60.6,68.683,2.70636596628906,0.8950000000000102,0.0,Lower-middle,High
Serbia,SRB,2024,13523.7246826854,85.4,76.2209756097561,10.11454824143907,0.9843902439023964,0.0,Upper-middle,Very High
Seychelles,SYC,2024,17858.8226383978,87.4,74.9585365853659,-2.211549717864514,1.2560975609756042,0.0,Upper-middle,Very High
Sierra Leone,SLE,2024,873.388575182318,20.6,61.786,15.245773672975194,0.5110000000000028,0.0,Low,Medium
Singapore,SGP,2024,90674.066632628,94.3,82.8951219512195,6.160518541811566,0.0,0.0,High,Very High
Sint Maarten (Dutch part),SXM,2024,40027.9175992113,,76.371,5.122108419838622,0.1909999999999883,,High,
Slovak Republic,SVK,2024,26147.9028430133,89.8,78.0170731707317,5.975445960577641,1.0512195121951038,2.981651376146788,High,Very High
Slovenia,SVN,2024,34089.3527652778,90.4,81.9780487804878,4.536144774404249,0.695121951219491,0.0,High,Very High
Small states,SST,2024,15291.69576976,,72.9007197557042,7.514112866052858,0.5212518979436993,,Upper-middle,
Solomon Islands,SLB,2024,2149.37957267304,42.5,70.528,3.529291152891933,0.1189999999999997,0.0,Lower-middle,Medium
Somalia,SOM,2024,636.983477589273,27.6,58.816,6.615455220341571,4.885000000000005,0.0,Low,Medium
South Africa,ZAF,2024,6253.37158194543,75.7,66.139,3.832750676566632,0.6850000000000023,0.0,Middle,High
South Asia,SAS,2024,2691.64556264089,,72.3247648783903,6.289349893099194,0.3131917475456021,,Lower-middle,
South Asia (IDA & IBRD),TSA,2024,2691.64556264089,,72.3247648783903,6.289349893099194,0.3131917475456021,,Lower-middle,
South Sudan,SSD,2023,1080.14718624765,9.27,57.617,0.0,0.4139999999999944,0.0,Lower-middle,Low
Spain,ESP,2024,35297.0094995565,95.4,83.8829268292683,5.335868030817981,0.7487804878048934,0.0,High,Very High
Sri Lanka,LKA,2024,4515.56787322732,51.2,77.483,18.865449545300848,0.1830000000000069,0.0,Middle,High
St. Kitts and Nevis,KNA,2024,22771.4168922033,76.4,72.145,0.7564745857582933,1.8319999999999936,0.0,Upper-middle,High
St. Lucia,LCA,2024,14181.6303351598,70.1,72.697,4.624659267778064,0.027000000000001,0.0,Upper-middle,High
St. Martin (French part),MAF,2023,21668.3740927942,,80.224,0.0,-0.0120000000000004,,Upper-middle,
St. Vincent and the Grenadines,VCT,2024,11501.2265187188,76.0,71.23,8.682943631230987,0.0390000000000014,0.0,Middle,High
Sub-Saharan Africa,SSF,2024,1516.35448013206,,62.6029134885664,-4.076033623305286,0.7457338990862041,,Lower-middle,
Sub-Saharan Africa (IDA & IBRD countries),TSS,2024,1516.35448013206,,62.6029134885664,-4.076033623305286,0.7457338990862041,,Lower-middle,
Sub-Saharan Africa (excluding high income),SSA,2024,1506.22853698028,,62.0654798813283,-6.685327989981904,0.7821262820325998,,Lower-middle,
Sudan,SDN,2024,989.312866210938,26.4,66.331,24.08546416006752,0.6360000000000099,0.0,Low,Medium
Suriname,SUR,2024,7430.70219176443,78.4,73.631,35.24939897578516,0.3769999999999953,0.0,Middle,High
Sweden,SWE,2024,57723.2345031532,95.7,83.309756097561,3.880256341647215,0.2512195121951066,0.0,High,Very High
Switzerland,CHE,2024,103669.872008144,97.3,84.0560975609756,3.018995158430937,0.4512195121950952,0.0,High,Very High
Syrian Arab Republic,SYR,2023,847.372723418531,34.7,72.12,-19.426101521007038,-0.6700000000000017,0.0,Low,Medium
Tajikistan,TJK,2024,1341.20229027672,56.8,71.79,13.80782053143539,0.2280000000000086,0.0,Lower-middle,High
Tanzania,TZA,2024,1185.74548339844,29.1,66.995,-3.16410526188814,0.1159999999999996,0.0,Lower-middle,Medium
Thailand,THA,2024,7345.13569000377,89.5,76.412,2.085229579985959,1.121000000000009,0.0,Middle,Very High
Timor-Leste,TLS,2024,1343.14886031844,34.0,67.689,-10.60690190232908,0.3209999999999979,0.0,Lower-middle,Medium
Togo,TGO,2024,1043.14092889765,37.0,62.739,5.827692119706085,0.448999999999998,0.0,Lower-middle,Medium
Tonga,TON,2023,4863.76384632192,58.5,72.895,-1.40502278258956,0.2599999999999909,1.3864818024263317,Middle,High
Trinidad and Tobago,TTO,2024,19314.7163432664,84.7,73.49,3.623840911424048,0.1589999999999918,0.0,Upper-middle,Very High
Tunisia,TUN,2024,4350.3717971875,72.4,76.508,10.125530375684576,0.4579999999999984,0.0,Middle,High
Turkiye,TUR,2024,15473.2872636856,87.3,77.156,18.0656985921118,-0.434999999999988,1.5116279069767424,Upper-middle,Very High
Turkmenistan,TKM,2024,8571.60702949432,21.3,70.073,4.117200131838605,0.1599999999999966,0.0,Middle,Medium
Turks and Caicos Islands,TCA,2024,37506.7798431288,,78.008,5.741619195330738,0.0899999999999892,,High,
Tuvalu,TUV,2023,6344.7750188689,74.3,67.105,7.332494522424571,0.2530000000000001,0.9510869565217516,Middle,High
Uganda,UGA,2024,1072.71369837695,15.3,68.252,7.024235990949324,0.5769999999999982,0.0,Lower-middle,Low
Ukraine,UKR,2024,5389.47314453125,82.4,73.422,4.86176142517829,0.7639999999999958,0.0,Middle,Very High
United Arab Emirates,ARE,2024,49377.5643384379,100.0,82.909,0.6869184623856661,2.4220000000000117,0.0,High,Very High
United Kingdom,GBR,2024,52636.7865943853,96.3,81.2380975609756,6.983576959632876,0.226878048780506,0.0,High,Very High
United States,USA,2024,85809.9003846356,93.1,78.3853658536585,4.258910300723406,0.9512195121950952,0.0,High,Very High
Upper middle income,UMC,2024,10961.8184459945,80.7,76.1953051028563,3.108756043975114,0.1860246695816982,2.8025477707006363,Middle,Very High
Uruguay,URY,2024,23906.5133029408,89.9,78.138,3.853663836234933,1.6700000000000017,0.0,Upper-middle,Very High
Uzbekistan,UZB,2024,3161.70010632875,89.0,72.388,9.820575829063994,0.2409999999999996,0.0,Lower-middle,Very High
Vanuatu,VUT,2024,3542.81071592874,45.7,71.477,0.7844246353351014,0.1749999999999971,0.0,Lower-middle,Medium
"Venezuela, RB",VEN,2023,15943.6127197163,61.6,72.514,0.0,-0.0520000000000067,0.0,Upper-middle,High
Viet Nam,VNM,2024,4717.29028732449,78.1,74.588,9.111914102671449,0.0859999999999985,0.0,Middle,High
Virgin Islands (U.S.),VIR,2023,44320.909185774,64.4,80.519512195122,0.0,0.2000000000000028,0.0,High,High
West Bank and Gaza,PSE,2024,2592.30591217647,86.6,65.17,-24.97005769040945,-11.492000000000004,0.0,Lower-middle,Very High
World,WLD,2024,13673.0039578901,67.6,73.3297162833404,3.0865210478869365,0.3607005606766051,3.363914373088672,Upper-middle,High
"Yemen, Rep.",YEM,2024,433.174015068148,13.8,69.295,1.5995951578281042,1.3430000000000035,0.0,Low,Low
Zambia,ZMB,2024,1235.08466482514,33.0,66.349,-7.187280563872878,1.0700000000000074,0.0,Lower-middle,Medium
Zimbabwe,ZWE,2024,2656.40937654332,38.4,62.775,23.20813408678035,0.4149999999999991,0.0,Lower-middle,Medium
